Row Labels,Average of 10000,Average of 0.4
1,19411.76471,0.187058824
3,17442.80769,0.248653846
5,13494.73077,0.527115385
Grand Total,16766.14194,0.321806452
